best_epoch,best_lwlrap
50,0.8419491973849178
49,0.8531512057565072
39,0.8374300767819287
46,0.846668923212133
47,0.8778085956916748
