best_epoch,best_lwlrap
33,0.8679512200004003
30,0.8279899280286277
37,0.864351712711037
46,0.8412705224252064
33,0.8431798192987658
