best_epoch,best_lwlrap
26,0.8624402083237666
28,0.8373223880959664
28,0.8351837670307456
26,0.8084518465533639
23,0.8465484306897421
