best_epoch,best_lwlrap
61,0.8611829347123464
18,0.8452665701142226
53,0.8776514409230458
46,0.8660750086676012
43,0.863823598064702
